{
    "RPT": {
        "ScanTime": "0.13 sec.",
        "ScanFile": "20230306_progettonespresso_54b20f51940199665044_20230306165925_scan.json",
        "Warnings": 0,
        "Success": 6
    },
    "SRV": {
        "PHP": {
            "websrv": true,
            "openbase": true,
            "maxtime": true,
            "mysqli": true,
            "version": true
        },
        "SYS": {
            "managedHost": true,
            "ALL": "Good"
        },
        "WP": {
            "version": true,
            "core": true,
            "ismu": false,
            "ALL": "Good"
        }
    },
    "ARC": {
        "Size": "0B",
        "DirCount": "0",
        "FileCount": "0",
        "FullCount": "0",
        "WarnFileCount": 0,
        "WarnDirCount": 0,
        "UnreadableDirCount": 0,
        "UnreadableFileCount": 0,
        "FilterDirsAll": [
            "\/Applications\/MAMP\/htdocs\/eserciziolunedi\/.opcache",
            "\/Applications\/MAMP\/htdocs\/eserciziolunedi\/wp-content\/ai1wm-backups",
            "\/Applications\/MAMP\/htdocs\/eserciziolunedi\/wp-content\/backups-dup-lite",
            "\/Applications\/MAMP\/htdocs\/eserciziolunedi\/wp-content\/backups-dup-pro",
            "\/Applications\/MAMP\/htdocs\/eserciziolunedi\/wp-content\/backupwordpress",
            "\/Applications\/MAMP\/htdocs\/eserciziolunedi\/wp-content\/bps-backup",
            "\/Applications\/MAMP\/htdocs\/eserciziolunedi\/wp-content\/cache",
            "\/Applications\/MAMP\/htdocs\/eserciziolunedi\/wp-content\/content\/cache",
            "\/Applications\/MAMP\/htdocs\/eserciziolunedi\/wp-content\/contents\/cache",
            "\/Applications\/MAMP\/htdocs\/eserciziolunedi\/wp-content\/infinitewp\/backups",
            "\/Applications\/MAMP\/htdocs\/eserciziolunedi\/wp-content\/managewp\/backups",
            "\/Applications\/MAMP\/htdocs\/eserciziolunedi\/wp-content\/old-cache",
            "\/Applications\/MAMP\/htdocs\/eserciziolunedi\/wp-content\/plugins\/all-in-one-wp-migration\/storage",
            "\/Applications\/MAMP\/htdocs\/eserciziolunedi\/wp-content\/updraft",
            "\/Applications\/MAMP\/htdocs\/eserciziolunedi\/wp-content\/uploads\/aiowps_backups",
            "\/Applications\/MAMP\/htdocs\/eserciziolunedi\/wp-content\/uploads\/backupbuddy_backups",
            "\/Applications\/MAMP\/htdocs\/eserciziolunedi\/wp-content\/uploads\/backupbuddy_temp",
            "\/Applications\/MAMP\/htdocs\/eserciziolunedi\/wp-content\/uploads\/ithemes-security\/backups",
            "\/Applications\/MAMP\/htdocs\/eserciziolunedi\/wp-content\/uploads\/mainwp\/backup",
            "\/Applications\/MAMP\/htdocs\/eserciziolunedi\/wp-content\/uploads\/pb_backupbuddy",
            "\/Applications\/MAMP\/htdocs\/eserciziolunedi\/wp-content\/uploads\/snapshots",
            "\/Applications\/MAMP\/htdocs\/eserciziolunedi\/wp-content\/uploads\/sucuri",
            "\/Applications\/MAMP\/htdocs\/eserciziolunedi\/wp-content\/uploads\/wp-clone",
            "\/Applications\/MAMP\/htdocs\/eserciziolunedi\/wp-content\/uploads\/wp_all_backup",
            "\/Applications\/MAMP\/htdocs\/eserciziolunedi\/wp-content\/uploads\/wpbackitup_backups",
            "\/Applications\/MAMP\/htdocs\/eserciziolunedi\/wp-content\/wfcache",
            "\/Applications\/MAMP\/htdocs\/eserciziolunedi\/wp-content\/wishlist-backup",
            "\/Applications\/MAMP\/htdocs\/eserciziolunedi\/wp-snapshots"
        ],
        "FilterFilesAll": [
            "error_log",
            "error.log",
            "debug_log",
            "ws_ftp.log",
            "dbcache",
            "pgcache",
            "objectcache",
            ".DS_Store",
            "\/Applications\/MAMP\/htdocs\/eserciziolunedi\/.htaccess",
            "\/Applications\/MAMP\/htdocs\/eserciziolunedi\/web.config",
            "\/Applications\/MAMP\/htdocs\/eserciziolunedi\/wp-config.php"
        ],
        "FilterExtsAll": [],
        "FilterInfo": {
            "Dirs": {
                "Warning": [],
                "Unreadable": [],
                "AddonSites": [],
                "Core": [
                    "\/Applications\/MAMP\/htdocs\/eserciziolunedi\/wp-snapshots",
                    "\/Applications\/MAMP\/htdocs\/eserciziolunedi\/wp-content\/backups-dup-lite",
                    "\/Applications\/MAMP\/htdocs\/eserciziolunedi\/.opcache",
                    "\/Applications\/MAMP\/htdocs\/eserciziolunedi\/wp-content\/backups-dup-pro",
                    "\/Applications\/MAMP\/htdocs\/eserciziolunedi\/wp-content\/ai1wm-backups",
                    "\/Applications\/MAMP\/htdocs\/eserciziolunedi\/wp-content\/backupwordpress",
                    "\/Applications\/MAMP\/htdocs\/eserciziolunedi\/wp-content\/content\/cache",
                    "\/Applications\/MAMP\/htdocs\/eserciziolunedi\/wp-content\/contents\/cache",
                    "\/Applications\/MAMP\/htdocs\/eserciziolunedi\/wp-content\/infinitewp\/backups",
                    "\/Applications\/MAMP\/htdocs\/eserciziolunedi\/wp-content\/managewp\/backups",
                    "\/Applications\/MAMP\/htdocs\/eserciziolunedi\/wp-content\/old-cache",
                    "\/Applications\/MAMP\/htdocs\/eserciziolunedi\/wp-content\/plugins\/all-in-one-wp-migration\/storage",
                    "\/Applications\/MAMP\/htdocs\/eserciziolunedi\/wp-content\/updraft",
                    "\/Applications\/MAMP\/htdocs\/eserciziolunedi\/wp-content\/wishlist-backup",
                    "\/Applications\/MAMP\/htdocs\/eserciziolunedi\/wp-content\/wfcache",
                    "\/Applications\/MAMP\/htdocs\/eserciziolunedi\/wp-content\/bps-backup",
                    "\/Applications\/MAMP\/htdocs\/eserciziolunedi\/wp-content\/cache",
                    "\/Applications\/MAMP\/htdocs\/eserciziolunedi\/wp-content\/uploads\/aiowps_backups",
                    "\/Applications\/MAMP\/htdocs\/eserciziolunedi\/wp-content\/uploads\/backupbuddy_temp",
                    "\/Applications\/MAMP\/htdocs\/eserciziolunedi\/wp-content\/uploads\/backupbuddy_backups",
                    "\/Applications\/MAMP\/htdocs\/eserciziolunedi\/wp-content\/uploads\/ithemes-security\/backups",
                    "\/Applications\/MAMP\/htdocs\/eserciziolunedi\/wp-content\/uploads\/mainwp\/backup",
                    "\/Applications\/MAMP\/htdocs\/eserciziolunedi\/wp-content\/uploads\/pb_backupbuddy",
                    "\/Applications\/MAMP\/htdocs\/eserciziolunedi\/wp-content\/uploads\/snapshots",
                    "\/Applications\/MAMP\/htdocs\/eserciziolunedi\/wp-content\/uploads\/sucuri",
                    "\/Applications\/MAMP\/htdocs\/eserciziolunedi\/wp-content\/uploads\/wp-clone",
                    "\/Applications\/MAMP\/htdocs\/eserciziolunedi\/wp-content\/uploads\/wp_all_backup",
                    "\/Applications\/MAMP\/htdocs\/eserciziolunedi\/wp-content\/uploads\/wpbackitup_backups"
                ],
                "Global": [],
                "Instance": []
            },
            "Files": {
                "Size": [],
                "Warning": [],
                "Unreadable": [],
                "AddonSites": [],
                "Core": [],
                "Global": [
                    "error_log",
                    "error.log",
                    "debug_log",
                    "ws_ftp.log",
                    "dbcache",
                    "pgcache",
                    "objectcache",
                    ".DS_Store"
                ],
                "Instance": []
            },
            "Exts": {
                "Core": [],
                "Global": [],
                "Instance": []
            },
            "UDirCount": 0,
            "UFileCount": 0,
            "UExtCount": 0,
            "TreeSize": [],
            "TreeWarning": []
        },
        "RecursiveLinks": [],
        "UnreadableItems": [],
        "Status": {
            "Size": "Good",
            "Names": "Good",
            "UnreadableItems": "Good",
            "MigratePackage": "Good",
            "CanbeMigratePackage": true,
            "showCreateProcFuncStatus": "Good",
            "showCreateProcFunc": true,
            "AddonSites": "Good"
        },
        "Dirs": [],
        "Files": []
    },
    "DB": {
        "Status": {
            "Success": true,
            "DB_Case": "Good",
            "DB_Rows": "Good",
            "DB_Size": "Good",
            "TBL_Case": "Good",
            "TBL_Rows": "Good",
            "TBL_Size": "Good",
            "Triggers": "Good"
        },
        "Size": 7176192,
        "Rows": 3137,
        "TableCount": 58,
        "TableList": {
            "wp_actionscheduler_actions": {
                "Case": 0,
                "Rows": "50",
                "Size": "128KB",
                "USize": "131072"
            },
            "wp_actionscheduler_claims": {
                "Case": 0,
                "Rows": "0",
                "Size": "32KB",
                "USize": "32768"
            },
            "wp_actionscheduler_groups": {
                "Case": 0,
                "Rows": "4",
                "Size": "32KB",
                "USize": "32768"
            },
            "wp_actionscheduler_logs": {
                "Case": 0,
                "Rows": "148",
                "Size": "48KB",
                "USize": "49152"
            },
            "wp_commentmeta": {
                "Case": 0,
                "Rows": "14",
                "Size": "48KB",
                "USize": "49152"
            },
            "wp_comments": {
                "Case": 0,
                "Rows": "31",
                "Size": "112KB",
                "USize": "114688"
            },
            "wp_duplicator_packages": {
                "Case": 0,
                "Rows": "0",
                "Size": "32KB",
                "USize": "32768"
            },
            "wp_links": {
                "Case": 0,
                "Rows": "0",
                "Size": "32KB",
                "USize": "32768"
            },
            "wp_options": {
                "Case": 0,
                "Rows": "448",
                "Size": "2.13MB",
                "USize": "2228224"
            },
            "wp_postmeta": {
                "Case": 0,
                "Rows": "1,484",
                "Size": "592KB",
                "USize": "606208"
            },
            "wp_posts": {
                "Case": 0,
                "Rows": "174",
                "Size": "1.58MB",
                "USize": "1654784"
            },
            "wp_sbi_feeds": {
                "Case": 0,
                "Rows": "0",
                "Size": "32KB",
                "USize": "32768"
            },
            "wp_sbi_feed_caches": {
                "Case": 0,
                "Rows": "0",
                "Size": "32KB",
                "USize": "32768"
            },
            "wp_sbi_instagram_feeds_posts": {
                "Case": 0,
                "Rows": "0",
                "Size": "48KB",
                "USize": "49152"
            },
            "wp_sbi_instagram_feed_locator": {
                "Case": 0,
                "Rows": "0",
                "Size": "48KB",
                "USize": "49152"
            },
            "wp_sbi_instagram_posts": {
                "Case": 0,
                "Rows": "0",
                "Size": "16KB",
                "USize": "16384"
            },
            "wp_sbi_sources": {
                "Case": 0,
                "Rows": "0",
                "Size": "48KB",
                "USize": "49152"
            },
            "wp_termmeta": {
                "Case": 0,
                "Rows": "30",
                "Size": "48KB",
                "USize": "49152"
            },
            "wp_terms": {
                "Case": 0,
                "Rows": "90",
                "Size": "48KB",
                "USize": "49152"
            },
            "wp_term_relationships": {
                "Case": 0,
                "Rows": "125",
                "Size": "32KB",
                "USize": "32768"
            },
            "wp_term_taxonomy": {
                "Case": 0,
                "Rows": "90",
                "Size": "48KB",
                "USize": "49152"
            },
            "wp_usermeta": {
                "Case": 0,
                "Rows": "36",
                "Size": "48KB",
                "USize": "49152"
            },
            "wp_users": {
                "Case": 0,
                "Rows": "1",
                "Size": "64KB",
                "USize": "65536"
            },
            "wp_wc_admin_notes": {
                "Case": 0,
                "Rows": "36",
                "Size": "16KB",
                "USize": "16384"
            },
            "wp_wc_admin_note_actions": {
                "Case": 0,
                "Rows": "44",
                "Size": "32KB",
                "USize": "32768"
            },
            "wp_wc_category_lookup": {
                "Case": 0,
                "Rows": "7",
                "Size": "16KB",
                "USize": "16384"
            },
            "wp_wc_customer_lookup": {
                "Case": 0,
                "Rows": "0",
                "Size": "48KB",
                "USize": "49152"
            },
            "wp_wc_download_log": {
                "Case": 0,
                "Rows": "0",
                "Size": "48KB",
                "USize": "49152"
            },
            "wp_wc_order_coupon_lookup": {
                "Case": 0,
                "Rows": "0",
                "Size": "48KB",
                "USize": "49152"
            },
            "wp_wc_order_product_lookup": {
                "Case": 0,
                "Rows": "0",
                "Size": "80KB",
                "USize": "81920"
            },
            "wp_wc_order_stats": {
                "Case": 0,
                "Rows": "0",
                "Size": "64KB",
                "USize": "65536"
            },
            "wp_wc_order_tax_lookup": {
                "Case": 0,
                "Rows": "0",
                "Size": "48KB",
                "USize": "49152"
            },
            "wp_wc_product_attributes_lookup": {
                "Case": 0,
                "Rows": "0",
                "Size": "32KB",
                "USize": "32768"
            },
            "wp_wc_product_download_directories": {
                "Case": 0,
                "Rows": "2",
                "Size": "32KB",
                "USize": "32768"
            },
            "wp_wc_product_meta_lookup": {
                "Case": 0,
                "Rows": "9",
                "Size": "112KB",
                "USize": "114688"
            },
            "wp_wc_rate_limits": {
                "Case": 0,
                "Rows": "0",
                "Size": "32KB",
                "USize": "32768"
            },
            "wp_wc_reserved_stock": {
                "Case": 0,
                "Rows": "0",
                "Size": "16KB",
                "USize": "16384"
            },
            "wp_wc_tax_rate_classes": {
                "Case": 0,
                "Rows": "2",
                "Size": "32KB",
                "USize": "32768"
            },
            "wp_wc_webhooks": {
                "Case": 0,
                "Rows": "0",
                "Size": "32KB",
                "USize": "32768"
            },
            "wp_woocommerce_api_keys": {
                "Case": 0,
                "Rows": "0",
                "Size": "48KB",
                "USize": "49152"
            },
            "wp_woocommerce_attribute_taxonomies": {
                "Case": 0,
                "Rows": "0",
                "Size": "32KB",
                "USize": "32768"
            },
            "wp_woocommerce_downloadable_product_permissions": {
                "Case": 0,
                "Rows": "0",
                "Size": "80KB",
                "USize": "81920"
            },
            "wp_woocommerce_log": {
                "Case": 0,
                "Rows": "0",
                "Size": "32KB",
                "USize": "32768"
            },
            "wp_woocommerce_order_itemmeta": {
                "Case": 0,
                "Rows": "0",
                "Size": "48KB",
                "USize": "49152"
            },
            "wp_woocommerce_order_items": {
                "Case": 0,
                "Rows": "0",
                "Size": "32KB",
                "USize": "32768"
            },
            "wp_woocommerce_payment_tokenmeta": {
                "Case": 0,
                "Rows": "0",
                "Size": "48KB",
                "USize": "49152"
            },
            "wp_woocommerce_payment_tokens": {
                "Case": 0,
                "Rows": "0",
                "Size": "32KB",
                "USize": "32768"
            },
            "wp_woocommerce_sessions": {
                "Case": 0,
                "Rows": "1",
                "Size": "32KB",
                "USize": "32768"
            },
            "wp_woocommerce_shipping_zones": {
                "Case": 0,
                "Rows": "1",
                "Size": "16KB",
                "USize": "16384"
            },
            "wp_woocommerce_shipping_zone_locations": {
                "Case": 0,
                "Rows": "1",
                "Size": "48KB",
                "USize": "49152"
            },
            "wp_woocommerce_shipping_zone_methods": {
                "Case": 0,
                "Rows": "1",
                "Size": "16KB",
                "USize": "16384"
            },
            "wp_woocommerce_tax_rates": {
                "Case": 0,
                "Rows": "0",
                "Size": "80KB",
                "USize": "81920"
            },
            "wp_woocommerce_tax_rate_locations": {
                "Case": 0,
                "Rows": "0",
                "Size": "48KB",
                "USize": "49152"
            },
            "wp_yoast_indexable": {
                "Case": 0,
                "Rows": "139",
                "Size": "176KB",
                "USize": "180224"
            },
            "wp_yoast_indexable_hierarchy": {
                "Case": 0,
                "Rows": "136",
                "Size": "64KB",
                "USize": "65536"
            },
            "wp_yoast_migrations": {
                "Case": 0,
                "Rows": "23",
                "Size": "32KB",
                "USize": "32768"
            },
            "wp_yoast_primary_term": {
                "Case": 0,
                "Rows": "0",
                "Size": "48KB",
                "USize": "49152"
            },
            "wp_yoast_seo_links": {
                "Case": 0,
                "Rows": "10",
                "Size": "48KB",
                "USize": "49152"
            }
        },
        "RawSize": 7176192,
        "EasySize": "6.84MB"
    },
    "LL": {
        "TotalSize": "6.84MB",
        "Status": {
            "TotalSize": "Good"
        }
    }
}